{
    "blob_range": {
        "input.1": 2.4231304519035617,
        "/features/features.0/features.0.0/Conv_output_0": 2.1492255965374167,
        "/features/features.0/features.0.2/Clip_output_0": 2.115482456995832,
        "/features/features.1/conv/conv.0/conv.0.0/Conv_output_0": 9.732131363927966,
        "/features/features.1/conv/conv.0/conv.0.2/Clip_output_0": 5.956937188891023,
        "/features/features.1/conv/conv.1/Conv_output_0": 4.611470802506158,
        "/features/features.2/conv/conv.0/conv.0.0/Conv_output_0": 4.265482080896483,
        "/features/features.2/conv/conv.0/conv.0.2/Clip_output_0": 3.978727515829069,
        "/features/features.2/conv/conv.1/conv.1.0/Conv_output_0": 4.789915700165234,
        "/features/features.2/conv/conv.1/conv.1.2/Clip_output_0": 2.8341536241464733,
        "/features/features.2/conv/conv.2/Conv_output_0": 3.121736676411021,
        "/features/features.3/conv/conv.0/conv.0.0/Conv_output_0": 2.9182380555602503,
        "/features/features.3/conv/conv.0/conv.0.2/Clip_output_0": 1.1508731555637526,
        "/features/features.3/conv/conv.1/conv.1.0/Conv_output_0": 2.114100118026723,
        "/features/features.3/conv/conv.1/conv.1.2/Clip_output_0": 1.9739744989310375,
        "/features/features.3/conv/conv.2/Conv_output_0": 3.036235871028208,
        "/features/features.3/Add_output_0": 4.471086263592242,
        "/features/features.4/conv/conv.0/conv.0.0/Conv_output_0": 2.184843036768979,
        "/features/features.4/conv/conv.0/conv.0.2/Clip_output_0": 1.5470463237719594,
        "/features/features.4/conv/conv.1/conv.1.0/Conv_output_0": 2.636988858028223,
        "/features/features.4/conv/conv.1/conv.1.2/Clip_output_0": 1.9444653057491477,
        "/features/features.4/conv/conv.2/Conv_output_0": 2.474780160349756,
        "/features/features.5/conv/conv.0/conv.0.0/Conv_output_0": 0.9101537464070499,
        "/features/features.5/conv/conv.0/conv.0.2/Clip_output_0": 0.8412014685024127,
        "/features/features.5/conv/conv.1/conv.1.0/Conv_output_0": 1.85237916213442,
        "/features/features.5/conv/conv.1/conv.1.2/Clip_output_0": 1.2716884891986653,
        "/features/features.5/conv/conv.2/Conv_output_0": 2.164232024559558,
        "/features/features.5/Add_output_0": 3.1153526652534436,
        "/features/features.6/conv/conv.0/conv.0.0/Conv_output_0": 0.8317062510740378,
        "/features/features.6/conv/conv.0/conv.0.2/Clip_output_0": 0.8291607577060196,
        "/features/features.6/conv/conv.1/conv.1.0/Conv_output_0": 1.5468703951786822,
        "/features/features.6/conv/conv.1/conv.1.2/Clip_output_0": 1.1850292904123259,
        "/features/features.6/conv/conv.2/Conv_output_0": 1.9605455522727242,
        "/features/features.6/Add_output_0": 3.7496414697003875,
        "/features/features.7/conv/conv.0/conv.0.0/Conv_output_0": 1.2252098304673336,
        "/features/features.7/conv/conv.0/conv.0.2/Clip_output_0": 1.1119320365486174,
        "/features/features.7/conv/conv.1/conv.1.0/Conv_output_0": 1.6362031535868509,
        "/features/features.7/conv/conv.1/conv.1.2/Clip_output_0": 1.5963443759091465,
        "/features/features.7/conv/conv.2/Conv_output_0": 2.0209093932671784,
        "/features/features.8/conv/conv.0/conv.0.0/Conv_output_0": 0.6577326130879513,
        "/features/features.8/conv/conv.0/conv.0.2/Clip_output_0": 0.6512971824290037,
        "/features/features.8/conv/conv.1/conv.1.0/Conv_output_0": 1.4009358863728067,
        "/features/features.8/conv/conv.1/conv.1.2/Clip_output_0": 1.0125432271177177,
        "/features/features.8/conv/conv.2/Conv_output_0": 1.7262204732369346,
        "/features/features.8/Add_output_0": 2.37821745689952,
        "/features/features.9/conv/conv.0/conv.0.0/Conv_output_0": 0.6482700463145913,
        "/features/features.9/conv/conv.0/conv.0.2/Clip_output_0": 0.5936380512409771,
        "/features/features.9/conv/conv.1/conv.1.0/Conv_output_0": 1.3443153563589423,
        "/features/features.9/conv/conv.1/conv.1.2/Clip_output_0": 1.1269818666285742,
        "/features/features.9/conv/conv.2/Conv_output_0": 1.4555989307491257,
        "/features/features.9/Add_output_0": 2.5854247572529263,
        "/features/features.10/conv/conv.0/conv.0.0/Conv_output_0": 0.6784466767915839,
        "/features/features.10/conv/conv.0/conv.0.2/Clip_output_0": 0.5926844230964812,
        "/features/features.10/conv/conv.1/conv.1.0/Conv_output_0": 1.854478087898169,
        "/features/features.10/conv/conv.1/conv.1.2/Clip_output_0": 1.827729105901939,
        "/features/features.10/conv/conv.2/Conv_output_0": 2.34155827123399,
        "/features/features.10/Add_output_0": 3.232609977826771,
        "/features/features.11/conv/conv.0/conv.0.0/Conv_output_0": 0.8555620677428784,
        "/features/features.11/conv/conv.0/conv.0.2/Clip_output_0": 0.835453110530662,
        "/features/features.11/conv/conv.1/conv.1.0/Conv_output_0": 1.6805576351828875,
        "/features/features.11/conv/conv.1/conv.1.2/Clip_output_0": 1.6300554953398652,
        "/features/features.11/conv/conv.2/Conv_output_0": 1.883328460625119,
        "/features/features.12/conv/conv.0/conv.0.0/Conv_output_0": 1.0182217103178908,
        "/features/features.12/conv/conv.0/conv.0.2/Clip_output_0": 0.8703533336766214,
        "/features/features.12/conv/conv.1/conv.1.0/Conv_output_0": 2.144288356259435,
        "/features/features.12/conv/conv.1/conv.1.2/Clip_output_0": 1.806990521322017,
        "/features/features.12/conv/conv.2/Conv_output_0": 1.5622621172614113,
        "/features/features.12/Add_output_0": 2.354514165329843,
        "/features/features.13/conv/conv.0/conv.0.0/Conv_output_0": 1.3308927677705717,
        "/features/features.13/conv/conv.0/conv.0.2/Clip_output_0": 1.230809618771014,
        "/features/features.13/conv/conv.1/conv.1.0/Conv_output_0": 2.4783236701703624,
        "/features/features.13/conv/conv.1/conv.1.2/Clip_output_0": 1.8361761693313856,
        "/features/features.13/conv/conv.2/Conv_output_0": 2.6013691739366953,
        "/features/features.13/Add_output_0": 3.728544473601277,
        "/features/features.14/conv/conv.0/conv.0.0/Conv_output_0": 1.3010355036654395,
        "/features/features.14/conv/conv.0/conv.0.2/Clip_output_0": 1.1629963744739031,
        "/features/features.14/conv/conv.1/conv.1.0/Conv_output_0": 2.245821722467238,
        "/features/features.14/conv/conv.1/conv.1.2/Clip_output_0": 2.1598762719592317,
        "/features/features.14/conv/conv.2/Conv_output_0": 2.004691004663464,
        "/features/features.15/conv/conv.0/conv.0.0/Conv_output_0": 1.278093885603382,
        "/features/features.15/conv/conv.0/conv.0.2/Clip_output_0": 1.2260482884733994,
        "/features/features.15/conv/conv.1/conv.1.0/Conv_output_0": 2.7386993679510634,
        "/features/features.15/conv/conv.1/conv.1.2/Clip_output_0": 1.8284362147061315,
        "/features/features.15/conv/conv.2/Conv_output_0": 1.8499306261216422,
        "/features/features.15/Add_output_0": 2.999627786402615,
        "/features/features.16/conv/conv.0/conv.0.0/Conv_output_0": 1.17037122695965,
        "/features/features.16/conv/conv.0/conv.0.2/Clip_output_0": 1.159869505571152,
        "/features/features.16/conv/conv.1/conv.1.0/Conv_output_0": 2.4756573948652867,
        "/features/features.16/conv/conv.1/conv.1.2/Clip_output_0": 1.9134997216188459,
        "/features/features.16/conv/conv.2/Conv_output_0": 3.5742942536286497,
        "/features/features.16/Add_output_0": 5.964095235112331,
        "/features/features.17/conv/conv.0/conv.0.0/Conv_output_0": 1.6881661753858994,
        "/features/features.17/conv/conv.0/conv.0.2/Clip_output_0": 0.9048426224050212,
        "/features/features.17/conv/conv.1/conv.1.0/Conv_output_0": 1.4836070529571033,
        "/features/features.17/conv/conv.1/conv.1.2/Clip_output_0": 1.0901950258391606,
        "/features/features.17/conv/conv.2/Conv_output_0": 1.1737615121241214,